{"cameraMode":{"drawMode":0,"name":"Shaded","section":"Shading Mode"},"sceneLighting":true,"audioPlay":false,"sceneViewState":{"showFog":false,"showMaterialUpdate":false,"showSkybox":false,"showFlares":false,"showImageEffects":false,"showParticleSystems":false},"in2DMode":false,"pivot":{"x":14.46832275390625,"y":1.7124524116516114,"z":3.146029472351074},"rotation":{"x":-0.22753916680812837,"y":0.1933331936597824,"z":-0.046147421002388,"w":-0.9532673358917236},"size":9.184142112731934,"orthographic":false}